{
  "nodes": {
    "pdf-to-markdown#2": {
      "contentWidth": 474.7151785589976,
      "rfNode": {
        "position": {
          "x": 440.1614270532606,
          "y": 319.56912417691683
        }
      }
    },
    "markdown_file_preview#2": {
      "contentWidth": 450,
      "rfNode": {
        "position": {
          "x": 987.9738348157068,
          "y": 319.56912417691683
        }
      }
    }
  }
}