{
  "nodes": {
    "pdf-to-markdown#2": {
      "contentWidth": 474.7151785589976,
      "rfNode": {
        "position": {
          "x": 344.1614270532606,
          "y": 309.56912417691683
        }
      }
    },
    "markdown_file_preview#2": {
      "contentWidth": 450,
      "rfNode": {
        "position": {
          "x": 878.7694405149878,
          "y": 325.869377694266
        }
      }
    }
  }
}