{
  "nodes": {
    "pdf-to-markdown#2": {
      "contentWidth": 418.2333624451876,
      "rfNode": {
        "position": {
          "x": 440.1614270532606,
          "y": 319.56912417691683
        }
      }
    },
    "markdown_file_preview#2": {
      "contentWidth": 450,
      "rfNode": {
        "position": {
          "x": 946.6745111545163,
          "y": 319.56912417691683
        }
      }
    }
  }
}