{
  "nodes": {
    "analyse_pdf#1": {
      "contentWidth": 573.8004385194448,
      "rfNode": {
        "position": {
          "x": -29.737063922188895,
          "y": 86.22913090029296
        }
      }
    },
    "generate_epub#1": {
      "contentWidth": 450,
      "rfNode": {
        "position": {
          "x": 598.6787954570938,
          "y": 162.40786292628817
        }
      }
    }
  }
}