{
  "nodes": {
    "analyse_pdf#1": {
      "contentWidth": 573.8004385194448,
      "rfNode": {
        "position": {
          "x": -69.23520205699586,
          "y": 205.1691003856867
        }
      }
    },
    "generate_epub#1": {
      "contentWidth": 450,
      "rfNode": {
        "position": {
          "x": 555.0404816547401,
          "y": 205.1691003856867
        }
      }
    }
  }
}