{
  "nodes": {
    "analyse_pdf#1": {
      "contentWidth": 450,
      "rfNode": {
        "position": {
          "x": -69.23520205699586,
          "y": 205.1691003856867
        }
      }
    }
  }
}